filename,count
015red.png,14
016red.png,229
017red.png,375
018red.png,396
019red.png,479
020red.png,536
021red.png,389
022red.png,431
023red.png,384
026red.png,306
027red.png,468
028red.png,467
029red.png,488
030red.png,507
031red.png,505
032red.png,429
033red.png,214
034red.png,25
039red.png,20
040red.png,225
041red.png,315
042red.png,276
043red.png,343
044red.png,337
045red.png,433
046red.png,710
047red.png,513
050red.png,552
051red.png,717
052red.png,613
053red.png,598
054red.png,467
055red.png,557
056red.png,376
057red.png,449
058red.png,34
062red.png,2
063red.png,47
064red.png,370
065red.png,612
066red.png,587
067red.png,484
068red.png,661
070red.png,619
071red.png,411
074red.png,553
075red.png,602
076red.png,586
077red.png,683
078red.png,722
079red.png,516
080red.png,451
081red.png,245
082red.png,32
083red.png,2
114red.png,344
115red.png,571
116red.png,552
117red.png,730
118red.png,593
119red.png,263
120red.png,432
121red.png,802
122red.png,880
123red.png,764
126red.png,812
176red.png,447
177red.png,431
178red.png,295
179red.png,438
180red.png,430
181red.png,160
182red.png,241
183red.png,304